id,forename,surname,email,password,admin
1,Rufe,Pridding,rpridding0@about.me,kq6hijuuwipteqd97tswnuzf9tro,0
2,Fanni,Corneljes,fcorneljes1@netlog.com,leolqh4bi5zjh0wrtryqcgzpb9yp,0
3,Camila,Macari,cmacari2@google.fr,q59ahfqvkzro8n9rf37by8c9zf85,0
4,Coralie,Sauvain,csauvain3@webnode.com,nqmwsczajhv1pzu1l5nrxqdn4t59,0
5,Horatio,Bonar,hbonar4@arstechnica.com,5nmtq6os7bv4vgfv4rnhkpz3lwh5,0
6,Ailis,Brugman,abrugman5@slashdot.org,0ct3a9bebiusummd7oqdxwrad2pa,0
7,Linette,Kefford,lkefford6@hhs.gov,3xg1d9q0he12wijvxnhqzbroe81z,0
8,Shelly,Fader,sfader7@amazon.co.uk,7a5ojf16cmmgrbrp4kjxa64mlvb7,0
9,Wells,Duesberry,wduesberry8@tripadvisor.com,uvxnn6opqpmh3jkuqsn10timrrq3,0
10,Elijah,Farrington,efarrington9@google.es,p1w19ll2479cxp95j9cse78vguph,0
